datetime,XGBoost,RandomForest,LSTM,CNN_LSTM
2025-10-22 18:00:00,-3.944785,36.971529571424796,26.087545,39.876366
2025-10-22 19:00:00,37.107773,52.94624687076825,16.881186,20.472921
2025-10-22 20:00:00,160.50389,196.01260322001295,19.435415,26.66509
2025-10-22 21:00:00,311.21036,364.95729850098746,27.565908,23.06893
2025-10-22 22:00:00,450.33823,497.4882362658544,36.706688,24.001547
2025-10-22 23:00:00,477.05823,538.5398531606734,44.88842,27.955801
2025-10-23 00:00:00,767.7383,822.2718762027974,52.146385,34.612785
2025-10-23 01:00:00,727.78326,742.8912385493932,58.40844,41.05224
2025-10-23 02:00:00,592.3659,652.3450071930704,63.67144,46.861046
2025-10-23 03:00:00,397.27087,487.20385175772606,68.013084,50.939476
2025-10-23 04:00:00,200.468,280.4878621898027,71.556114,53.728203
2025-10-23 05:00:00,24.733288,84.81308859522684,74.44189,55.036827
2025-10-23 06:00:00,50.918415,48.458877835970206,76.77813,59.490685
2025-10-23 07:00:00,118.988525,70.12583877477404,79.14245,64.32848
2025-10-23 08:00:00,369.40213,384.95839511575156,80.99795,67.47311
2025-10-23 09:00:00,599.20264,686.2307492213251,82.45638,68.751366
2025-10-23 10:00:00,690.41547,800.1923061237927,83.20519,69.90145
2025-10-23 11:00:00,656.52594,736.0091869019205,83.69695,70.48766
2025-10-23 12:00:00,654.1057,682.6064198348115,84.033134,71.06316
2025-10-23 13:00:00,610.1095,546.2201907390426,84.2781,71.22338
2025-10-23 14:00:00,405.8976,418.8478779959189,84.47353,71.45989
2025-10-23 15:00:00,296.2742,296.27458969898254,84.64245,71.44915
2025-10-23 16:00:00,120.197685,131.88357910683416,84.79391,71.556725
2025-10-23 17:00:00,-37.299873,96.83052098806733,84.929436,71.53069
2025-10-23 18:00:00,-16.415777,73.85390968141355,85.049736,71.497185
2025-10-23 19:00:00,-12.801565,17.63230547653232,85.072624,71.50274
2025-10-23 20:00:00,14.898016,27.077442857861993,85.085045,71.50402
2025-10-23 21:00:00,101.20092,132.44815043588943,85.09045,71.507805
2025-10-23 22:00:00,275.0846,294.8427283205597,85.09228,71.50942
2025-10-23 23:00:00,182.08255,259.9639907526307,85.092,71.51058
2025-10-24 00:00:00,809.76965,905.7630376302288,85.09048,71.51101
2025-10-24 01:00:00,827.16174,853.3354892955861,85.08828,71.511284
2025-10-24 02:00:00,668.61456,781.5579069274158,85.08581,71.51119
2025-10-24 03:00:00,522.18835,576.7519023269097,85.083275,71.51098
2025-10-24 04:00:00,302.3914,405.7961143512124,85.080864,71.510796
2025-10-24 05:00:00,58.15952,105.23577800967547,85.078545,71.51046
2025-10-24 06:00:00,70.06732,51.71668230903997,85.07662,71.510185
2025-10-24 07:00:00,101.07981,61.6240879881421,85.07488,71.50976
2025-10-24 08:00:00,497.46762,397.0455044541928,85.0736,71.509605
2025-10-24 09:00:00,628.29926,735.4337024383891,85.072685,71.50936
2025-10-24 10:00:00,686.1887,824.9100652340064,85.072014,71.5093
2025-10-24 11:00:00,548.2351,646.6496018490772,85.071495,71.50924
2025-10-24 12:00:00,612.3873,605.0687114491801,85.0711,71.50921
2025-10-24 13:00:00,608.867,554.8962304742166,85.07076,71.50909
2025-10-24 14:00:00,405.56113,369.99375791810627,85.07049,71.50909
2025-10-24 15:00:00,255.98607,300.49815800103767,85.070274,71.508965
2025-10-24 16:00:00,149.86641,134.10246113903273,85.07012,71.508965
2025-10-24 17:00:00,-65.025345,98.70546590708504,85.06997,71.508965
2025-10-24 18:00:00,-85.091385,95.02499950540901,85.06991,71.5089
2025-10-24 19:00:00,-27.046236,84.26764462654967,85.06988,71.5089
2025-10-24 20:00:00,-23.70617,42.10746985036777,85.06985,71.5089
2025-10-24 21:00:00,13.171488,31.589635666472727,85.06985,71.50887
2025-10-24 22:00:00,154.01093,117.60479121155896,85.06982,71.5089
2025-10-24 23:00:00,19.470577,47.31696763825452,85.06982,71.50884
2025-10-25 00:00:00,821.60754,907.9658482185165,85.06982,71.5089
2025-10-25 01:00:00,855.1627,904.6348023567826,85.06985,71.5089
2025-10-25 02:00:00,775.6902,807.204653805473,85.06982,71.5089
2025-10-25 03:00:00,597.4286,696.0943800537848,85.069786,71.50884
2025-10-25 04:00:00,431.44684,497.98969039312766,85.06982,71.50884
2025-10-25 05:00:00,107.5768,194.54923795866858,85.06982,71.50887
2025-10-25 06:00:00,127.72985,94.73784658639036,85.06982,71.5089
2025-10-25 07:00:00,100.220406,55.63032654358377,85.06982,71.50887
2025-10-25 08:00:00,629.6482,648.194920193032,85.06985,71.5089
2025-10-25 09:00:00,613.0468,746.1275303675526,85.06985,71.50887
2025-10-25 10:00:00,619.5744,823.8528880759586,85.069786,71.50887
2025-10-25 11:00:00,484.88226,609.8116573295262,85.06985,71.5089
2025-10-25 12:00:00,586.76874,612.9349483559447,85.06982,71.5089
2025-10-25 13:00:00,601.1035,558.8111484051784,85.06982,71.50887
2025-10-25 14:00:00,385.93326,374.6696074864512,85.06982,71.5089
2025-10-25 15:00:00,211.28711,263.17257378546213,85.06982,71.5089
2025-10-25 16:00:00,188.52577,154.56739740994394,85.06985,71.50887
2025-10-25 17:00:00,-69.84288,98.85645330333384,85.06982,71.50887
2025-10-25 18:00:00,-81.249275,93.67553077114816,85.069786,71.50887
2025-10-25 19:00:00,-67.69336,95.8010444833919,85.06985,71.50887
2025-10-25 20:00:00,-22.972773,83.6453067996564,85.06982,71.50887
2025-10-25 21:00:00,-72.49719,40.977409795721435,85.06982,71.5089
2025-10-25 22:00:00,207.29324,219.7020038832355,85.06985,71.5089
2025-10-25 23:00:00,-22.833721,30.921238678339424,85.06982,71.5089
2025-10-26 00:00:00,817.744,891.0829849481439,85.069786,71.5089
2025-10-26 01:00:00,842.97406,899.8999426955784,85.06982,71.5089
2025-10-26 02:00:00,834.5179,909.1971478267575,85.06982,71.50887
2025-10-26 03:00:00,711.8602,778.1576735524374,85.06982,71.5089
2025-10-26 04:00:00,480.27264,597.632526032866,85.06985,71.5089
2025-10-26 05:00:00,120.985435,71.37940221606763,85.06982,71.5089
2025-10-26 06:00:00,116.36499,98.16116332290204,85.06982,71.5089
2025-10-26 07:00:00,204.32178,54.453031850496146,85.06982,71.5089
2025-10-26 08:00:00,712.6177,760.8004793097346,85.06982,71.5089
2025-10-26 09:00:00,606.2021,735.6276209424564,85.06982,71.5089
2025-10-26 10:00:00,533.46484,734.5097424871351,85.06982,71.50887
2025-10-26 11:00:00,449.28467,501.6335571168104,85.06982,71.50887
2025-10-26 12:00:00,559.82245,593.3807853342897,85.06982,71.5089
2025-10-26 13:00:00,558.93207,559.1512401327636,85.06982,71.50887
2025-10-26 14:00:00,418.12122,379.1096750574363,85.06982,71.5089
2025-10-26 15:00:00,152.78215,206.29256393552785,85.06982,71.5089
2025-10-26 16:00:00,272.7776,203.0490972037429,85.06982,71.50887
2025-10-26 17:00:00,-44.1641,96.84765314745268,85.06982,71.5089
2025-10-26 18:00:00,-63.22585,94.9746308211015,85.06982,71.5089
2025-10-26 19:00:00,-71.96244,95.45102935057821,85.06982,71.50887
2025-10-26 20:00:00,-30.681635,86.84644330840467,85.06982,71.5089
2025-10-26 21:00:00,-86.41634,40.573217037980804,85.06982,71.50887
2025-10-26 22:00:00,216.91072,285.8419972005848,85.06982,71.5089
2025-10-26 23:00:00,-34.0283,29.036661107736055,85.06982,71.50887
2025-10-27 00:00:00,805.8607,891.7105180147562,85.06985,71.5089
2025-10-27 01:00:00,804.70215,891.5900690356592,85.06982,71.5089
2025-10-27 02:00:00,850.40656,894.5604874711967,85.06982,71.50887
2025-10-27 03:00:00,729.709,823.9629901405682,85.06985,71.5089
2025-10-27 04:00:00,535.0219,666.6955739065481,85.06985,71.5089
2025-10-27 05:00:00,81.03814,55.90600505396126,85.06982,71.50887
2025-10-27 06:00:00,116.27696,55.941603859281074,85.06985,71.50887
2025-10-27 07:00:00,240.21565,180.6115066306509,85.06982,71.5089
2025-10-27 08:00:00,769.48486,855.8120098717088,85.06982,71.50887
2025-10-27 09:00:00,572.5025,736.5027688909177,85.06982,71.5089
2025-10-27 10:00:00,494.85815,669.227045180899,85.06982,71.5089
2025-10-27 11:00:00,442.2706,413.33516773397787,85.06982,71.5089
2025-10-27 12:00:00,561.92316,586.4423210532553,85.06982,71.50887
2025-10-27 13:00:00,505.06485,506.4940082532987,85.06982,71.50887
2025-10-27 14:00:00,411.04422,395.3032130739569,85.06982,71.50887
2025-10-27 15:00:00,48.188267,130.62129913465708,85.06982,71.5089
2025-10-27 16:00:00,327.28302,301.9465654700253,85.06982,71.50887
2025-10-27 17:00:00,-36.671505,96.2965770525328,85.06982,71.5089
2025-10-27 18:00:00,-35.742443,94.84144658220858,85.06982,71.5089
2025-10-27 19:00:00,-56.630836,94.47609322781885,85.06982,71.5089
2025-10-27 20:00:00,-18.019506,86.36517798703143,85.06982,71.50887
2025-10-27 21:00:00,-78.520004,40.459223159730215,85.06982,71.5089
2025-10-27 22:00:00,177.03114,287.6755963233628,85.06982,71.5089
2025-10-27 23:00:00,-35.42106,29.30712213622369,85.06982,71.50884
2025-10-28 00:00:00,782.1973,908.641653716369,85.06982,71.50887
2025-10-28 01:00:00,703.4333,910.7034271947775,85.06982,71.5089
2025-10-28 02:00:00,857.70935,892.1861521558031,85.06982,71.50887
2025-10-28 03:00:00,750.5952,843.4308624162624,85.06982,71.5089
2025-10-28 04:00:00,596.7107,717.2346823164889,85.06982,71.5089
2025-10-28 05:00:00,60.280113,54.575778670504796,85.06982,71.5089
2025-10-28 06:00:00,120.355255,58.08841380330905,85.06982,71.5089
2025-10-28 07:00:00,218.40564,213.4338833629829,85.06985,71.5089
2025-10-28 08:00:00,738.08594,910.5385898750435,85.06985,71.50887
2025-10-28 09:00:00,524.99023,728.6152415256921,85.06985,71.50887
2025-10-28 10:00:00,437.95978,624.6664546663935,85.06982,71.50887
2025-10-28 11:00:00,414.1013,413.7949424433955,85.06982,71.50887
2025-10-28 12:00:00,550.87524,586.7418917239744,85.06982,71.50887
2025-10-28 13:00:00,424.4688,482.7129168286613,85.06982,71.50887
2025-10-28 14:00:00,399.56897,387.0842978360126,85.06982,71.5089
2025-10-28 15:00:00,-58.066643,91.7154020184063,85.06982,71.5089
2025-10-28 16:00:00,336.39636,364.60322230966335,85.06982,71.5089
2025-10-28 17:00:00,-34.91842,97.32062692663803,85.06985,71.50887
2025-10-28 18:00:00,-36.099674,96.11375072483867,85.06982,71.50887
2025-10-28 19:00:00,-56.797985,89.69799485376546,85.06982,71.50887
2025-10-28 20:00:00,-15.010238,86.81873383784726,85.06985,71.5089
2025-10-28 21:00:00,-26.606619,40.486180576185376,85.06982,71.50887
2025-10-28 22:00:00,155.11433,261.5539955206213,85.06982,71.50887
2025-10-28 23:00:00,-12.245957,28.38960276000175,85.06982,71.5089
2025-10-29 00:00:00,766.23834,907.3762211620738,85.06982,71.5089
2025-10-29 01:00:00,670.5503,848.2699592011435,85.06982,71.50887
2025-10-29 02:00:00,863.26733,899.3122063044759,85.06982,71.5089
2025-10-29 03:00:00,753.3582,887.5688528964513,85.06985,71.5089
2025-10-29 04:00:00,627.9786,781.3737126961314,85.06982,71.50887
2025-10-29 05:00:00,41.767067,42.65020840222876,85.06982,71.50884
2025-10-29 06:00:00,120.6578,65.80535067502565,85.06982,71.5089
2025-10-29 07:00:00,169.67847,209.20029601585085,85.06982,71.5089
2025-10-29 08:00:00,722.1387,850.5601185242984,85.06985,71.50884
2025-10-29 09:00:00,483.11023,665.5487530733368,85.06982,71.5089
2025-10-29 10:00:00,406.88687,528.2473812228541,85.06982,71.5089
2025-10-29 11:00:00,381.3282,394.925551608626,85.06982,71.5089
2025-10-29 12:00:00,554.03174,562.2096829137915,85.06982,71.50884
2025-10-29 13:00:00,398.3628,419.1709191500624,85.06982,71.5089
2025-10-29 14:00:00,431.64233,371.9498866538317,85.06982,71.5089
2025-10-29 15:00:00,-86.9418,85.25602440387357,85.06982,71.50887
2025-10-29 16:00:00,360.16962,367.2876354272792,85.06982,71.5089
2025-10-29 17:00:00,-41.605095,97.45647311236957,85.06985,71.5089
2025-10-29 18:00:00,-20.94112,94.03673094589895,85.06985,71.50887
2025-10-29 19:00:00,-58.61701,90.05380702711851,85.06982,71.5089
2025-10-29 20:00:00,-18.03353,86.60174537027562,85.06982,71.50887
2025-10-29 21:00:00,-30.625523,41.337167980346834,85.06982,71.5089
2025-10-29 22:00:00,160.60522,227.90084210914816,85.069786,71.5089
2025-10-29 23:00:00,-0.5139752,30.041237716934404,85.06982,71.5089
2025-10-30 00:00:00,749.5154,907.5573827961704,85.06982,71.50887
2025-10-30 01:00:00,637.0133,806.8550024711739,85.06982,71.50887
2025-10-30 02:00:00,867.9734,897.6206678612315,85.06982,71.50887
2025-10-30 03:00:00,757.04663,894.0303250828944,85.06982,71.5089
2025-10-30 04:00:00,645.58636,772.2297538629357,85.06982,71.5089
2025-10-30 05:00:00,23.304035,41.9688913373399,85.06982,71.5089
2025-10-30 06:00:00,114.13892,65.04403130473872,85.06985,71.5089
2025-10-30 07:00:00,159.70615,66.79685236498138,85.06982,71.50887
2025-10-30 08:00:00,697.4852,840.1203159920268,85.06982,71.50887
2025-10-30 09:00:00,448.76178,633.9887916513874,85.06982,71.5089
2025-10-30 10:00:00,354.70337,443.22709383879845,85.06982,71.5089
2025-10-30 11:00:00,354.59222,348.92717781013016,85.06982,71.5089
2025-10-30 12:00:00,560.24695,569.3172758040611,85.06982,71.50887
2025-10-30 13:00:00,410.88013,393.20982785408336,85.06982,71.5089
2025-10-30 14:00:00,420.42578,398.5386942320565,85.06982,71.5089
2025-10-30 15:00:00,-84.46437,84.4559941260958,85.06982,71.5089
2025-10-30 16:00:00,378.2582,382.83857766845904,85.06982,71.5089
2025-10-30 17:00:00,-44.161224,97.91685940204225,85.06982,71.5089
2025-10-30 18:00:00,-27.494766,93.42875978526946,85.06982,71.50887
2025-10-30 19:00:00,-67.0941,90.05245147156293,85.06982,71.50887
2025-10-30 20:00:00,-20.395658,86.7017731480534,85.06985,71.5089
2025-10-30 21:00:00,-30.77134,41.610911998580754,85.06982,71.5089
2025-10-30 22:00:00,165.02579,248.9922468330516,85.06982,71.5089
2025-10-30 23:00:00,10.714288,29.587480678974195,85.06982,71.5089
2025-10-31 00:00:00,737.1915,874.7535394053976,85.06982,71.5089
2025-10-31 01:00:00,633.78,770.3989914145194,85.06982,71.5089
2025-10-31 02:00:00,869.5462,901.1191085587857,85.06982,71.5089
2025-10-31 03:00:00,757.8463,895.6222786370698,85.06982,71.5089
2025-10-31 04:00:00,651.1914,770.8266913726402,85.06982,71.5089
2025-10-31 05:00:00,-4.108209,39.94224372979628,85.06982,71.5089
2025-10-31 06:00:00,139.34741,64.91765051653847,85.06982,71.5089
2025-10-31 07:00:00,160.29729,68.78532916072308,85.06982,71.5089
2025-10-31 08:00:00,691.9531,835.1483632187577,85.06982,71.5089
2025-10-31 09:00:00,418.71332,571.321947222869,85.06985,71.5089
2025-10-31 10:00:00,329.37988,379.6270919125036,85.06982,71.50887
2025-10-31 11:00:00,366.05414,341.78753416096885,85.06982,71.50887
2025-10-31 12:00:00,568.6723,572.6111053802309,85.06982,71.50887
2025-10-31 13:00:00,409.04083,405.15823710134543,85.06982,71.5089
2025-10-31 14:00:00,410.5031,384.85432763076113,85.06982,71.5089
2025-10-31 15:00:00,-57.41954,84.28478301498468,85.06982,71.5089
2025-10-31 16:00:00,380.30014,388.01732070691435,85.06982,71.5089
2025-10-31 17:00:00,-65.106026,95.71179088003,85.06985,71.5089
2025-10-31 18:00:00,-68.803406,92.72645049264351,85.06982,71.50887
2025-10-31 19:00:00,-68.54373,90.07504348545181,85.06982,71.50887
2025-10-31 20:00:00,-8.314502,87.38215401225094,85.06982,71.50887
2025-10-31 21:00:00,-38.676773,41.48696441276872,85.06982,71.5089
2025-10-31 22:00:00,201.27017,258.74935220952693,85.06985,71.50887
2025-10-31 23:00:00,-8.708665,39.935370823745245,85.06982,71.50887
2025-11-01 00:00:00,720.05164,851.8826669271739,85.06982,71.50887
2025-11-01 01:00:00,599.4875,769.2280415853028,85.06982,71.50887
2025-11-01 02:00:00,868.591,898.9153280992936,85.06982,71.5089
2025-11-01 03:00:00,748.2499,895.5002041926256,85.06982,71.5089
2025-11-01 04:00:00,688.9141,780.8822644793712,85.06982,71.5089
2025-11-01 05:00:00,-2.4944744,37.91681551480436,85.06982,71.50887
2025-11-01 06:00:00,124.406746,65.2501493859079,85.06982,71.5089
2025-11-01 07:00:00,165.04109,68.44200561258019,85.06985,71.5089
2025-11-01 08:00:00,685.4073,807.6206196115517,85.06985,71.50887
2025-11-01 09:00:00,368.92163,509.2743493833453,85.06982,71.5089
2025-11-01 10:00:00,312.67914,363.9296600949272,85.06982,71.5089
2025-11-01 11:00:00,371.74918,350.57991876023317,85.06982,71.5089
2025-11-01 12:00:00,572.34467,571.7708992449067,85.069786,71.5089
2025-11-01 13:00:00,398.5545,404.87025170917053,85.06982,71.5089
2025-11-01 14:00:00,422.56274,380.6672939691713,85.06982,71.50887
2025-11-01 15:00:00,-72.54836,84.2402830149847,85.06982,71.50887
2025-11-01 16:00:00,402.1153,398.00943422318124,85.06982,71.50887
2025-11-01 17:00:00,-35.58252,93.91160208271621,85.06982,71.5089
2025-11-01 18:00:00,-25.558863,93.19428366425456,85.06982,71.5089
2025-11-01 19:00:00,-69.14259,89.89940381357896,85.06982,71.5089
2025-11-01 20:00:00,-2.5493202,87.01373618461561,85.06985,71.5089
2025-11-01 21:00:00,-34.617928,41.87041972214338,85.06982,71.50887
2025-11-01 22:00:00,220.47836,289.4852473280951,85.06982,71.50887
2025-11-01 23:00:00,9.089286,38.874099451214924,85.06982,71.5089
2025-11-02 00:00:00,723.904,847.1051264818491,85.06982,71.5089
2025-11-02 01:00:00,609.9487,745.4042758589868,85.06982,71.5089
2025-11-02 02:00:00,861.98047,900.2754498836642,85.06982,71.50887
2025-11-02 03:00:00,753.3931,877.1687704310403,85.06982,71.5089
2025-11-02 04:00:00,699.1483,808.2042004346184,85.06982,71.5089
2025-11-02 05:00:00,-25.270689,38.41764987515843,85.06982,71.5089
2025-11-02 06:00:00,136.56076,65.27498978403435,85.06982,71.5089
2025-11-02 07:00:00,160.90656,68.44200561258018,85.06982,71.5089
2025-11-02 08:00:00,688.402,806.1456864115479,85.06982,71.50887
2025-11-02 09:00:00,306.20847,385.738938713743,85.06982,71.50887
2025-11-02 10:00:00,286.86392,355.0316463219664,85.06985,71.5089
2025-11-02 11:00:00,371.9178,352.86330556121,85.06982,71.5089
2025-11-02 12:00:00,576.53937,572.5510752787777,85.06982,71.5089
2025-11-02 13:00:00,417.5894,390.61540585980026,85.06982,71.5089
2025-11-02 14:00:00,418.94196,380.41503674897064,85.06982,71.5089
2025-11-02 15:00:00,-57.822083,83.79047805661389,85.06982,71.5089
2025-11-02 16:00:00,389.28232,351.39850363986307,85.06982,71.5089
2025-11-02 17:00:00,-64.430664,94.53114896823809,85.06982,71.5089
2025-11-02 18:00:00,-71.764786,92.74652125217861,85.06982,71.5089
2025-11-02 19:00:00,-62.8858,90.14616227567744,85.06982,71.5089
2025-11-02 20:00:00,10.833218,87.56157334936658,85.06982,71.5089
2025-11-02 21:00:00,-32.888428,41.892122882435096,85.06982,71.5089
2025-11-02 22:00:00,238.10374,292.9966964424106,85.06982,71.5089
2025-11-02 23:00:00,-0.8579127,38.16790321156374,85.06985,71.5089
2025-11-03 00:00:00,717.97394,847.99243862347,85.06982,71.50887
2025-11-03 01:00:00,572.2789,745.6804136897375,85.06982,71.50887
2025-11-03 02:00:00,851.58136,896.6523564227042,85.06982,71.50887
2025-11-03 03:00:00,770.6468,895.6804120020868,85.06982,71.5089
2025-11-03 04:00:00,711.32043,836.6745215850116,85.06982,71.5089
2025-11-03 05:00:00,-11.002727,38.19474917660483,85.06982,71.5089
2025-11-03 06:00:00,113.23114,65.27498978403435,85.06982,71.5089
2025-11-03 07:00:00,169.58513,68.40912169818108,85.06985,71.5089
2025-11-03 08:00:00,692.0822,807.4678186548753,85.06982,71.50887
2025-11-03 09:00:00,251.41399,346.4451136236144,85.06982,71.50887
2025-11-03 10:00:00,256.983,334.4139756094815,85.06982,71.50887
2025-11-03 11:00:00,363.36328,354.14819442831106,85.06982,71.5089
2025-11-03 12:00:00,596.21893,571.7248845295818,85.06985,71.50887
2025-11-03 13:00:00,373.25702,414.48930990057903,85.06982,71.50887
2025-11-03 14:00:00,423.2317,370.8106977329857,85.06982,71.50887
2025-11-03 15:00:00,-93.01197,82.83219891131476,85.06982,71.50887
2025-11-03 16:00:00,386.34305,396.70704859291413,85.06982,71.5089
2025-11-03 17:00:00,-42.185658,93.43796879507792,85.06982,71.5089
2025-11-03 18:00:00,-27.127148,91.80543253893835,85.06982,71.5089
2025-11-03 19:00:00,-50.789146,87.11943195288589,85.06982,71.50887
2025-11-03 20:00:00,51.0139,107.84013296349588,85.06982,71.5089
2025-11-03 21:00:00,-24.81316,41.060780674579355,85.06985,71.5089
2025-11-03 22:00:00,257.331,298.00485798416065,85.06985,71.50887
2025-11-03 23:00:00,8.638932,38.151063737165025,85.06982,71.5089
2025-11-04 00:00:00,740.0122,845.7795923679383,85.06982,71.5089
2025-11-04 01:00:00,572.4405,730.2475281076273,85.06982,71.5089
2025-11-04 02:00:00,847.0373,895.3943966169979,85.069786,71.5089
2025-11-04 03:00:00,772.65344,911.2722368776742,85.06982,71.5089
2025-11-04 04:00:00,708.8292,840.1409179156203,85.06982,71.50887
2025-11-04 05:00:00,-3.7172313,39.54196278642152,85.06982,71.50887
2025-11-04 06:00:00,150.72482,173.33428970220095,85.06982,71.50887
2025-11-04 07:00:00,227.49042,255.2098671318856,85.06982,71.5089
2025-11-04 08:00:00,704.68994,806.6015307909419,85.06982,71.5089
2025-11-04 09:00:00,120.74688,280.07053013009994,85.06982,71.5089
2025-11-04 10:00:00,200.1602,237.8913438049736,85.06985,71.5089
2025-11-04 11:00:00,344.36487,360.40229546427537,85.06982,71.50887
2025-11-04 12:00:00,635.5883,639.2060281293149,85.06982,71.50887
2025-11-04 13:00:00,366.05695,386.51264699743956,85.06982,71.5089
2025-11-04 14:00:00,436.70776,364.01327339206676,85.06982,71.5089
2025-11-04 15:00:00,-60.347794,83.21228601890459,85.06982,71.5089
2025-11-04 16:00:00,378.93933,386.81497852173663,85.06982,71.50887
2025-11-04 17:00:00,-73.20388,92.70270270801682,85.06982,71.5089
2025-11-04 18:00:00,-38.022015,101.26946768730531,85.06982,71.5089
2025-11-04 19:00:00,-78.555916,69.37354739305992,85.06982,71.5089
2025-11-04 20:00:00,130.40671,102.0270350116778,85.06982,71.5089
2025-11-04 21:00:00,-25.981209,39.77649439469032,85.06982,71.5089
2025-11-04 22:00:00,249.2812,279.88813722716384,85.06982,71.50887
2025-11-04 23:00:00,-43.500317,36.49537162505767,85.06982,71.50887
2025-11-05 00:00:00,740.76794,854.2021905454426,85.06985,71.5089
2025-11-05 01:00:00,538.8988,730.5658701010914,85.06982,71.5089
2025-11-05 02:00:00,846.3074,891.5515846409536,85.06982,71.5089
2025-11-05 03:00:00,756.1722,909.2623156837531,85.06982,71.5089
2025-11-05 04:00:00,708.77576,839.1156589359063,85.06982,71.5089
2025-11-05 05:00:00,35.416714,39.194270113357575,85.06982,71.5089
2025-11-05 06:00:00,201.32167,215.05660233566664,85.06982,71.5089
2025-11-05 07:00:00,347.1448,343.4560758813983,85.06982,71.5089
2025-11-05 08:00:00,724.1042,838.4442243040673,85.06982,71.5089
2025-11-05 09:00:00,23.194387,62.06053202101678,85.06982,71.5089
2025-11-05 10:00:00,114.49148,188.1712794159731,85.06982,71.5089
2025-11-05 11:00:00,336.90048,334.18962848326606,85.06982,71.5089
2025-11-05 12:00:00,635.8286,649.9980057600909,85.06982,71.5089
2025-11-05 13:00:00,359.23346,381.5706892163234,85.06985,71.5089
2025-11-05 14:00:00,455.39932,378.9702607300593,85.06982,71.50887
2025-11-05 15:00:00,-69.81685,83.05536183118097,85.06982,71.50887
2025-11-05 16:00:00,399.50626,390.4454033136643,85.06982,71.50887
2025-11-05 17:00:00,-63.083576,93.44128433217361,85.06982,71.5089
2025-11-05 18:00:00,12.774326,92.42755156915719,85.06982,71.5089
2025-11-05 19:00:00,-34.79848,47.64306813454646,85.06982,71.5089
2025-11-05 20:00:00,179.82518,131.29456913761643,85.06982,71.5089
2025-11-05 21:00:00,-12.147303,39.06569220990039,85.06985,71.5089
2025-11-05 22:00:00,202.62201,297.3926410422765,85.06982,71.50887
2025-11-05 23:00:00,-31.8698,23.066157135938553,85.06982,71.50887
2025-11-06 00:00:00,752.0091,856.144149803585,85.06982,71.50887
2025-11-06 01:00:00,464.91608,684.081030547647,85.06982,71.5089
2025-11-06 02:00:00,817.2418,894.4982038419065,85.06985,71.50887
2025-11-06 03:00:00,717.7455,891.7395601977936,85.06982,71.50887
2025-11-06 04:00:00,659.89154,839.8519852112514,85.06982,71.50887
2025-11-06 05:00:00,76.16918,37.26480481923552,85.06982,71.50887
2025-11-06 06:00:00,306.82166,262.16456675635,85.06982,71.5089
2025-11-06 07:00:00,484.53552,544.3799521789616,85.06982,71.5089
2025-11-06 08:00:00,755.5374,840.2413218948976,85.06982,71.5089
2025-11-06 09:00:00,27.355995,65.13630655640712,85.06982,71.50887
2025-11-06 10:00:00,105.0012,79.39179782423561,85.06982,71.5089
2025-11-06 11:00:00,325.3233,327.94574653673385,85.06985,71.5089
2025-11-06 12:00:00,642.3047,650.1579481230367,85.06985,71.50887
2025-11-06 13:00:00,329.37344,367.4277191357414,85.06982,71.5089
2025-11-06 14:00:00,449.6421,415.0466054709321,85.06982,71.5089
2025-11-06 15:00:00,-51.54373,85.96784446411927,85.06982,71.5089
2025-11-06 16:00:00,410.71225,354.05330795598326,85.069786,71.5089
2025-11-06 17:00:00,-61.025127,90.01987127593759,85.06982,71.5089
2025-11-06 18:00:00,22.986784,114.44524002757282,85.06982,71.50887
2025-11-06 19:00:00,-37.498425,45.76224454967796,85.06982,71.50887
2025-11-06 20:00:00,195.4542,191.8702548344198,85.06982,71.50887
2025-11-06 21:00:00,-10.501347,40.858156869997245,85.06982,71.5089
2025-11-06 22:00:00,202.40005,287.12754151573887,85.06982,71.5089
2025-11-06 23:00:00,-35.234097,19.154964287527708,85.06982,71.5089
2025-11-07 00:00:00,758.2451,872.9814109481216,85.06985,71.5089
2025-11-07 01:00:00,371.458,606.0567742404926,85.06982,71.50887
2025-11-07 02:00:00,807.4167,899.9771012326668,85.06982,71.50887
2025-11-07 03:00:00,711.7521,843.1088387098184,85.06982,71.5089
2025-11-07 04:00:00,662.52136,780.900460173133,85.06982,71.5089
2025-11-07 05:00:00,103.68597,38.85602700515561,85.06982,71.5089
2025-11-07 06:00:00,446.62262,439.91441565898623,85.06982,71.50887
2025-11-07 07:00:00,514.1052,645.5875423753228,85.06982,71.5089
2025-11-07 08:00:00,781.5952,875.1076141624719,85.06982,71.5089
2025-11-07 09:00:00,51.801743,76.74838908591926,85.06982,71.5089
2025-11-07 10:00:00,94.726944,80.31328230361527,85.06982,71.5089
2025-11-07 11:00:00,314.9768,320.0300415207578,85.06982,71.5089
2025-11-07 12:00:00,648.55585,650.8642522063748,85.06982,71.50887
2025-11-07 13:00:00,312.36954,324.4916350889686,85.06982,71.50887
2025-11-07 14:00:00,438.09592,402.070631698163,85.06985,71.5089
2025-11-07 15:00:00,-57.154305,79.99094822152344,85.06982,71.5089
2025-11-07 16:00:00,385.10156,345.969509821761,85.06982,71.5089
2025-11-07 17:00:00,-78.976974,84.71818798759693,85.06982,71.5089
2025-11-07 18:00:00,50.76084,113.83625644311809,85.06982,71.5089
2025-11-07 19:00:00,-36.774494,46.691154306865215,85.06982,71.5089
2025-11-07 20:00:00,218.48087,190.28304585200138,85.06982,71.5089
2025-11-07 21:00:00,-14.600883,41.02146285361663,85.06982,71.5089
2025-11-07 22:00:00,202.61108,286.80413484907217,85.06982,71.5089
2025-11-07 23:00:00,-38.837975,17.428628133827843,85.06982,71.5089
2025-11-08 00:00:00,748.16656,875.3439580975859,85.06982,71.5089
2025-11-08 01:00:00,276.37372,391.9838443125002,85.06982,71.5089
2025-11-08 02:00:00,778.3856,913.2903080608544,85.06982,71.5089
2025-11-08 03:00:00,714.2123,842.9292391295487,85.06985,71.5089
2025-11-08 04:00:00,648.94336,782.4093759688753,85.06982,71.50887
2025-11-08 05:00:00,117.72572,39.62852157799173,85.06982,71.50887
2025-11-08 06:00:00,558.77124,579.3794777018578,85.06982,71.50887
2025-11-08 07:00:00,560.6864,660.3566828759233,85.06982,71.5089
2025-11-08 08:00:00,807.4108,893.5848212659192,85.06982,71.5089
2025-11-08 09:00:00,70.82848,118.46390859119342,85.06982,71.5089
2025-11-08 10:00:00,98.03829,78.06141398986784,85.06982,71.5089
2025-11-08 11:00:00,327.76892,314.7584291943794,85.06985,71.5089
2025-11-08 12:00:00,647.9079,651.9345979181264,85.06982,71.50887
2025-11-08 13:00:00,285.70416,317.3813721489077,85.06982,71.50887
2025-11-08 14:00:00,431.56287,378.1437444853557,85.06982,71.50887
2025-11-08 15:00:00,-70.34783,70.0035290849313,85.06982,71.5089
2025-11-08 16:00:00,396.60944,384.9023675181782,85.06985,71.50887
2025-11-08 17:00:00,-77.886566,57.64544498804379,85.06982,71.50887
2025-11-08 18:00:00,76.14714,103.48649479580875,85.06982,71.50887
2025-11-08 19:00:00,-42.02808,46.19268697184091,85.06982,71.50887
2025-11-08 20:00:00,232.73123,194.0467621957386,85.06982,71.5089
2025-11-08 21:00:00,-40.17833,41.234030109508886,85.06982,71.5089
2025-11-08 22:00:00,195.52112,266.8126412431277,85.06982,71.5089
2025-11-08 23:00:00,-37.19928,18.48002215517571,85.06982,71.50887
2025-11-09 00:00:00,742.5675,857.5126211385044,85.06982,71.5089
2025-11-09 01:00:00,172.94989,284.97188855323503,85.06985,71.5089
2025-11-09 02:00:00,756.63885,912.0973598581197,85.06985,71.50887
2025-11-09 03:00:00,694.83563,843.6747551239464,85.06982,71.5089
2025-11-09 04:00:00,619.87946,764.0504815706075,85.06982,71.5089
2025-11-09 05:00:00,162.44693,40.96563729539118,85.06982,71.5089
2025-11-09 06:00:00,674.8194,746.6617735587864,85.069786,71.5089
2025-11-09 07:00:00,667.67957,735.3987890736679,85.06982,71.5089
2025-11-09 08:00:00,826.3836,896.8037659237976,85.06982,71.50887
2025-11-09 09:00:00,68.19506,114.00973480386972,85.06982,71.50887
2025-11-09 10:00:00,119.375946,78.68982088757066,85.06982,71.50887
2025-11-09 11:00:00,328.4154,333.23686904316224,85.06982,71.5089
2025-11-09 12:00:00,651.04584,649.2088965173202,85.06982,71.5089
2025-11-09 13:00:00,279.87717,308.7419374572652,85.06982,71.5089
2025-11-09 14:00:00,423.23157,374.1223068664237,85.06985,71.5089
2025-11-09 15:00:00,-48.357407,67.3955975915721,85.06982,71.50887
2025-11-09 16:00:00,405.01266,351.83224008213017,85.06982,71.50887
2025-11-09 17:00:00,-69.84876,60.73409735921474,85.06982,71.5089
2025-11-09 18:00:00,132.79271,127.70310607476243,85.06982,71.5089
2025-11-09 19:00:00,-43.102726,47.01322646130285,85.06982,71.5089
2025-11-09 20:00:00,234.16467,199.90296819460275,85.06982,71.50887
2025-11-09 21:00:00,-29.196655,41.76351938580128,85.06982,71.5089
2025-11-09 22:00:00,193.21097,164.70395724028532,85.06982,71.5089
2025-11-09 23:00:00,-26.000322,23.635818805253923,85.06982,71.5089
2025-11-10 00:00:00,745.323,845.0632762297221,85.06982,71.5089
2025-11-10 01:00:00,72.9563,37.77067269069936,85.06982,71.5089
2025-11-10 02:00:00,754.7512,892.8475934916507,85.06982,71.50887
2025-11-10 03:00:00,673.4073,839.0913692208187,85.06982,71.50887
2025-11-10 04:00:00,587.0495,767.8047926542376,85.06985,71.5089
2025-11-10 05:00:00,202.62393,49.186361156361514,85.06982,71.5089
2025-11-10 06:00:00,760.6706,815.0901772250285,85.06982,71.5089
2025-11-10 07:00:00,705.65894,806.4674663186277,85.06982,71.5089
2025-11-10 08:00:00,809.9472,882.8754305805902,85.06982,71.5089
2025-11-10 09:00:00,33.16331,68.91499385743641,85.06982,71.5089
2025-11-10 10:00:00,123.861374,82.7317559204278,85.06982,71.5089
2025-11-10 11:00:00,330.40488,339.27192683958805,85.06982,71.5089
2025-11-10 12:00:00,668.6629,636.9516833526777,85.06982,71.5089
2025-11-10 13:00:00,247.98639,264.9409573161658,85.06982,71.5089
2025-11-10 14:00:00,409.42874,362.6444643109991,85.06982,71.5089
2025-11-10 15:00:00,-35.66092,66.95952286156582,85.06982,71.5089
2025-11-10 16:00:00,391.26898,347.34910567148853,85.06982,71.5089
2025-11-10 17:00:00,-37.997467,60.61434267922391,85.06985,71.5089
2025-11-10 18:00:00,162.58363,130.93299160489244,85.06982,71.50887
2025-11-10 19:00:00,-65.75814,47.087844652694784,85.06982,71.50887
2025-11-10 20:00:00,220.33572,200.77858875015832,85.06982,71.50887
2025-11-10 21:00:00,-24.700138,39.06403752160551,85.06982,71.5089
2025-11-10 22:00:00,198.40521,187.05615807063222,85.06982,71.5089
2025-11-10 23:00:00,-10.258899,34.99471206648882,85.06982,71.5089
2025-11-11 00:00:00,730.7617,854.6303753683364,85.06982,71.5089
2025-11-11 01:00:00,52.177147,34.84412107883929,85.06985,71.5089
2025-11-11 02:00:00,746.0429,892.2306310001603,85.06982,71.50887
2025-11-11 03:00:00,710.15356,811.3572102452928,85.06982,71.50887
2025-11-11 04:00:00,586.4031,772.406061314831,85.06982,71.50887
2025-11-11 05:00:00,168.76149,174.45026158712867,85.06982,71.5089
2025-11-11 06:00:00,809.95184,902.683339338152,85.06985,71.50887
2025-11-11 07:00:00,736.3664,857.3436515412722,85.06982,71.50887
2025-11-11 08:00:00,807.8618,897.8310897537468,85.06982,71.50887
2025-11-11 09:00:00,22.922022,61.08122551108781,85.06982,71.50887
2025-11-11 10:00:00,175.71132,181.39503064136335,85.06982,71.5089
2025-11-11 11:00:00,329.2704,354.8725779681039,85.06982,71.5089
2025-11-11 12:00:00,670.40814,642.4646659434934,85.06982,71.5089
2025-11-11 13:00:00,204.36017,273.23002830367227,85.06982,71.50887
2025-11-11 14:00:00,398.67676,363.6997195521709,85.06982,71.5089
2025-11-11 15:00:00,-40.50218,66.74150041702163,85.06985,71.5089
2025-11-11 16:00:00,346.2444,340.75475611661653,85.06985,71.50887
2025-11-11 17:00:00,-40.590088,60.9747465541072,85.06982,71.5089
2025-11-11 18:00:00,201.91397,170.24022282251985,85.06982,71.5089
2025-11-11 19:00:00,-54.528088,46.06052670027684,85.06982,71.5089
2025-11-11 20:00:00,208.86005,196.45110433917606,85.069786,71.5089
2025-11-11 21:00:00,-27.275902,40.723748041123066,85.06982,71.5089
2025-11-11 22:00:00,204.0335,186.72314329406709,85.06982,71.50887
2025-11-11 23:00:00,-14.33508,38.02613756514535,85.06982,71.50887
2025-11-12 00:00:00,727.38544,839.0637505671184,85.06982,71.50887
2025-11-12 01:00:00,47.519753,36.741564263018724,85.06982,71.5089
2025-11-12 02:00:00,754.0355,875.34737018019,85.06982,71.5089
2025-11-12 03:00:00,719.06506,844.9215297892472,85.06982,71.5089
2025-11-12 04:00:00,581.1625,772.2936587215547,85.06985,71.5089
2025-11-12 05:00:00,117.90674,47.41718023258154,85.06982,71.50887
2025-11-12 06:00:00,805.44293,914.4235471335271,85.06982,71.50887
2025-11-12 07:00:00,743.4956,863.1389327428656,85.06982,71.5089
2025-11-12 08:00:00,812.7711,897.7975404669197,85.06982,71.5089
2025-11-12 09:00:00,34.024834,58.200927669451694,85.06982,71.5089
2025-11-12 10:00:00,205.4863,225.34635772015142,85.06982,71.50887
2025-11-12 11:00:00,341.97668,346.14204250762987,85.06982,71.5089
2025-11-12 12:00:00,675.09515,646.8059330096482,85.06982,71.5089
2025-11-12 13:00:00,184.95071,210.04867827112443,85.06982,71.5089
